GRID,Institution
grid.38142.3c,Harvard University
grid.94365.3d,National Institutes of Health
grid.116068.8,Massachusetts Institute of Technology
grid.168010.e,Stanford University
grid.34477.33,University of Washington
grid.4372.2,Max Planck Society
grid.214458.e,University of Michigan
grid.19006.3e,"University of California, Los Angeles"
grid.47840.3f,"University of California, Berkeley"
grid.266102.1,"University of California, San Francisco"
grid.266100.3,"University of California, San Diego"
grid.21107.35,Johns Hopkins University
grid.4444.0,Centre national de la recherche scientifique
grid.25879.31,University of Pennsylvania
grid.7429.8,French Institute of Health and Medical Research
grid.26999.3d,University of Tokyo
grid.410484.d,IBM
grid.14003.36,University of Wisconsin-Madison
grid.42475.30,Laboratory of Molecular Biology
grid.4367.6,Washington University in St. Louis
grid.5386.8,Cornell University
grid.413575.1,Howard Hughes Medical Institute
grid.26009.3d,Duke University
grid.47100.32,Yale University
grid.17063.33,University of Toronto
grid.21729.3f,Columbia University
grid.17635.36,University of Minnesota
grid.214007.0,Scripps Research Institute
grid.5335.0,University of Cambridge
grid.62560.37,Brigham and Women's Hospital
grid.258799.8,Kyoto University
grid.35403.31,University of Illinois at Urbana–Champaign
grid.10698.36,University of North Carolina at Chapel Hill
grid.21925.3d,University of Pittsburgh
grid.16753.36,Northwestern University
grid.42505.36,University of Southern California
grid.20861.3d,California Institute of Technology
grid.16750.35,Princeton University
grid.136593.b,Osaka University
grid.89336.37,University of Texas at Austin
grid.4991.5,University of Oxford
grid.66875.3a,Mayo Clinic
grid.51462.34,Memorial Sloan Kettering Cancer Center
grid.267313.2,University of Texas Southwestern Medical Center
grid.9227.e,Chinese Academy of Sciences
grid.39382.33,Baylor College of Medicine
grid.83440.3b,University College London
grid.471401.7,Johns Hopkins University School of Medicine
grid.17091.3e,University of British Columbia
grid.7445.2,Imperial College London
grid.169077.e,Purdue University
grid.240145.6,University of Texas MD Anderson Cancer Center
grid.15276.37,University of Florida
grid.29857.31,Pennsylvania State University
grid.261331.4,Ohio State University
grid.137628.9,New York University
grid.419481.1,Novartis
grid.27860.3b,"University of California, Davis"
grid.67105.35,Case Western Reserve University
grid.2515.3,Boston Children's Hospital
grid.223827.e,University of Utah
grid.147455.6,Carnegie Mellon University
grid.134563.6,University of Arizona
grid.134907.8,Rockefeller University
grid.4714.6,Karolinska Institutet
grid.170205.1,University of Chicago
grid.5252.0,Ludwig Maximilian University of Munich
grid.430387.b,Rutgers University
grid.5596.f,Katholieke Universiteit Leuven
grid.419815.0,Microsoft
grid.213917.f,Georgia Institute of Technology
grid.428999.7,Pasteur Institute
grid.266093.8,"University of California, Irvine"
grid.27755.32,University of Virginia
grid.265892.2,University of Alabama at Birmingham
grid.14709.3b,McGill University
grid.189967.8,Emory University
grid.9619.7,Hebrew University of Jerusalem
grid.189504.1,Boston University
grid.4514.4,Lund University
grid.177174.3,Kyushu University
grid.32197.3e,Tokyo Institute of Technology
grid.264756.4,Texas A&M University
grid.4711.3,Spanish National Research Council
grid.152326.1,Vanderbilt University
grid.214572.7,University of Iowa
grid.7400.3,University of Zurich
grid.475296.b,Fred Hutchinson Cancer Research Center
grid.410513.2,Pfizer
grid.417570.0,Hoffmann-La Roche
grid.31501.36,Seoul National University
grid.5333.6,École Polytechnique Fédérale de Lausanne
grid.16416.34,University of Rochester
grid.13992.30,Weizmann Institute of Science
grid.59734.3c,Icahn School of Medicine at Mount Sinai
grid.4280.e,National University of Singapore
grid.69566.3a,Tohoku University
grid.133342.4,"University of California, Santa Barbara"
grid.5477.1,Utrecht University
grid.250671.7,Salk Institute for Biological Studies
grid.7700.0,Heidelberg University
grid.429997.8,Tufts University
grid.5254.6,University of Copenhagen
grid.17089.37,University of Alberta
grid.239395.7,Beth Israel Deaconess Medical Center
grid.185648.6,University of Illinois at Chicago
grid.491950.0,Philips
grid.419666.a,Samsung
grid.487162.e,Bristol-Myers Squibb
grid.5288.7,Oregon Health & Science University
grid.266190.a,University of Colorado Boulder
grid.4305.2,University of Edinburgh
grid.17088.36,Michigan State University
grid.239578.2,Cleveland Clinic
grid.5801.c,ETH Zurich
grid.8993.b,Uppsala University
grid.19188.39,National Taiwan University
grid.5379.8,University of Manchester
grid.7737.4,University of Helsinki
grid.419178.2,Research Triangle Park
grid.1008.9,University of Melbourne
grid.411024.2,"University of Maryland, Baltimore"
grid.419318.6,Intel
grid.184769.5,Lawrence Berkeley National Laboratory
grid.40803.3f,North Carolina State University
grid.257410.5,Indiana University
grid.12527.33,Tsinghua University
grid.4708.b,University of Milan
grid.486806.4,Ludwig Institute for Cancer Research
grid.251993.5,Albert Einstein College of Medicine
grid.7177.6,University of Amsterdam
grid.27476.30,Nagoya University
grid.417548.b,United States Department of Agriculture
grid.37172.30,KAIST
grid.12136.37,Tel Aviv University
grid.266683.f,University of Massachusetts Amherst
grid.4563.4,University of Nottingham
grid.39158.36,Hokkaido University
grid.266539.d,University of Kentucky
grid.6906.9,Erasmus University Rotterdam
grid.417886.4,Amgen
grid.1016.6,Commonwealth Scientific and Industrial Research Organisation
grid.26790.3a,University of Miami
grid.34421.30,Iowa State University
grid.10420.37,University of Vienna
grid.5292.c,Delft University of Technology
grid.414548.8,Institut national de la recherche agronomique
grid.22072.35,University of Calgary
grid.6451.6,Technion – Israel Institute of Technology
grid.1003.2,University of Queensland
grid.451487.b,National Research Council
grid.266515.3,University of Kansas
grid.5963.9,University of Freiburg
grid.5342.0,Ghent University
grid.168645.8,University of Massachusetts Medical School
grid.1441.0,Alcatel-Lucent
grid.7841.a,Sapienza University of Rome
grid.215654.1,Arizona State University
grid.5607.4,École Normale Supérieure
grid.418236.a,GlaxoSmithKline
grid.254444.7,Wayne State University
grid.25073.33,McMaster University
grid.36425.36,Stony Brook University
grid.1013.3,University of Sydney
grid.6572.6,University of Birmingham
grid.213876.9,University of Georgia
grid.5491.9,University of Southampton
grid.5330.5,University of Erlangen-Nuremberg
grid.8756.c,University of Glasgow
grid.240871.8,St. Jude Children's Research Hospital
grid.21940.3e,Rice University
grid.254880.3,Dartmouth College
grid.265008.9,Thomas Jefferson University
grid.1957.a,RWTH Aachen University
grid.267309.9,University of Texas Health Science Center at San Antonio
grid.417540.3,Eli Lilly and Company
grid.189747.4,State University of New York System
grid.10392.39,University of Tübingen
grid.170693.a,University of South Florida
grid.15444.30,Yonsei University
grid.40263.33,Brown University
grid.8591.5,University of Geneva
grid.4886.2,Russian Academy of Sciences
grid.416738.f,Centers for Disease Control and Prevention
grid.5132.5,Leiden University
grid.13097.3c,King's College London
grid.1005.4,University of New South Wales
grid.5510.1,University of Oslo
grid.46078.3d,University of Waterloo
grid.410825.a,Toshiba
grid.5802.f,University of Mainz
grid.14105.31,Medical Research Council
grid.11135.37,Peking University
grid.430503.1,Anschutz Medical Campus
grid.10784.3a,The Chinese University of Hong Kong
grid.134936.a,University of Missouri
grid.418547.b,Hewlett-Packard
grid.7497.d,German Cancer Research Center
grid.6292.f,University of Bologna
grid.5608.b,University of Padua
grid.63054.34,University of Connecticut
grid.7450.6,University of Göttingen
grid.26091.3c,Keio University
grid.417547.4,Hitachi
grid.148313.c,Los Alamos National Laboratory
grid.13402.34,Zhejiang University
grid.463419.d,Agricultural Research Service
grid.66859.34,Broad Institute
grid.4830.f,University of Groningen
grid.8348.7,John Radcliffe Hospital
grid.225279.9,Cold Spring Harbor Laboratory
grid.410356.5,Queen's University
grid.11835.3e,University of Sheffield
grid.23856.3a,Laval University
grid.39381.30,University of Western Ontario
grid.7839.5,Goethe University Frankfurt
grid.59025.3b,Nanyang Technological University
grid.6190.e,University of Cologne
grid.10388.32,University of Bonn
grid.411461.7,University of Tennessee
grid.14095.39,Free University of Berlin
grid.20515.33,University of Tsukuba
grid.208504.b,National Institute of Advanced Industrial Science and Technology
grid.24827.3b,University of Cincinnati
grid.5337.2,University of Bristol
grid.12380.38,VU University Amsterdam
grid.9026.d,University of Hamburg
grid.194645.b,University of Hong Kong
grid.260539.b,National Chiao Tung University
grid.5406.7,Siemens
grid.241116.1,University of Colorado Denver
grid.241167.7,Wake Forest University
grid.6363.0,Charité
grid.9851.5,University of Lausanne
grid.135519.a,Oak Ridge National Laboratory
grid.11899.38,University of São Paulo
grid.10419.3d,Leiden University Medical Center
grid.33647.35,Rensselaer Polytechnic Institute
grid.7605.4,University of Turin
grid.438863.2,University of New Mexico
grid.16821.3c,Shanghai Jiao Tong University
grid.7942.8,Université catholique de Louvain
grid.5037.1,Royal Institute of Technology
grid.438526.e,Virginia Tech
grid.250008.f,Lawrence Livermore National Laboratory
grid.24515.37,Hong Kong University of Science and Technology
grid.418356.d,United States Department of Veterans Affairs
grid.225360.0,European Bioinformatics Institute
grid.7048.b,Aarhus University
grid.213910.8,Georgetown University
grid.89170.37,United States Naval Research Laboratory
grid.8241.f,University of Dundee
grid.5170.3,Technical University of Denmark
grid.28046.38,University of Ottawa
grid.5600.3,Cardiff University
grid.176731.5,University of Texas Medical Branch
grid.282569.2,Isis Pharmaceuticals
grid.416832.a,DuPont
grid.420377.5,NEC
grid.9909.9,University of Leeds
grid.64337.35,Louisiana State University
grid.28665.3f,Academia Sinica
grid.4464.2,University of London
grid.5841.8,University of Barcelona
grid.30064.31,Washington State University
grid.166341.7,Drexel University
grid.418554.9,Monsanto
grid.7468.d,Humboldt University of Berlin
grid.205975.c,"University of California, Santa Cruz"
grid.94225.38,National Institute of Standards and Technology
grid.5734.5,University of Bern
grid.5590.9,Radboud University Nijmegen
grid.259828.c,Medical University of South Carolina
grid.6612.3,University of Basel
grid.274841.c,Kumamoto University
grid.419722.b,Scripps Health
grid.265073.5,Tokyo Medical and Dental University
grid.4561.6,Fraunhofer Society
grid.1042.7,Walter and Eliza Hall Institute of Medical Research
grid.9654.e,University of Auckland
grid.419884.8,United States Military Academy
grid.467466.1,Motorola
grid.187073.a,Argonne National Laboratory
grid.8250.f,Durham University
grid.8547.e,Fudan University
grid.419669.5,Science Applications International Corporation
grid.273335.3,University at Buffalo
grid.474523.3,Sandia National Laboratories
grid.261356.5,Okayama University
grid.266097.c,"University of California, Riverside"
grid.453810.b,Texas Instruments
grid.417815.e,AstraZeneca
grid.224260.0,Virginia Commonwealth University
grid.6582.9,University of Ulm
grid.24434.35,University of Nebraska–Lincoln
grid.12650.30,Umeå University
grid.49606.3d,Hanyang University
grid.47894.36,Colorado State University
grid.265219.b,Tulane University
grid.8404.8,University of Florence
grid.30760.32,Medical College of Wisconsin
grid.222754.4,Korea University
grid.8379.5,University of Würzburg
grid.266623.5,University of Louisville
grid.9764.c,University of Kiel
grid.5328.c,French Institute for Research in Computer Science and Automation
grid.257022.0,Hiroshima University
grid.267308.8,University of Texas Health Science Center at Houston
grid.136304.3,Chiba University
grid.268433.8,Yeshiva University
grid.10025.36,University of Liverpool
grid.266813.8,University of Nebraska Medical Center
grid.1002.3,Monash University
grid.8767.e,Vrije Universiteit Brussel
grid.21613.37,University of Manitoba
grid.264727.2,Temple University
grid.410425.6,City of Hope National Medical Center
grid.1001.0,Australian National University
grid.31432.37,Kobe University
grid.64523.36,National Cheng Kung University
grid.50956.3f,Cedars-Sinai Medical Center
grid.6852.9,Eindhoven University of Technology
grid.251075.4,Wistar Institute
grid.4818.5,Wageningen University and Research Centre
grid.5371.0,Chalmers University of Technology
grid.267301.1,University of Tennessee Health Science Center
grid.5570.7,Ruhr University Bochum
grid.4391.f,Oregon State University
grid.1006.7,Newcastle University
grid.1012.2,University of Western Australia
grid.4861.b,University of Liège
grid.8217.c,"Trinity College, Dublin"
grid.38348.34,National Tsing Hua University
grid.14925.3b,Institut Gustave Roussy
grid.420061.1,Boehringer Ingelheim
grid.4868.2,Queen Mary University of London
grid.413454.3,Polish Academy of Sciences
grid.16813.3d,National Institute for Medical Research
grid.425956.9,Novo Nordisk
grid.261112.7,Northeastern University
grid.262962.b,Saint Louis University
grid.5842.b,University of Paris-Sud
grid.5018.c,Hungarian Academy of Sciences
grid.49100.3c,Pohang University of Science and Technology
grid.7892.4,Karlsruhe Institute of Technology
grid.10306.34,Wellcome Trust Sanger Institute
grid.5719.a,University of Stuttgart
grid.9918.9,University of Leicester
grid.8761.8,University of Gothenburg
grid.482243.b,PARC
grid.254567.7,University of South Carolina
grid.8982.b,University of Pavia
grid.7340.0,University of Bath
grid.417832.b,Biogen Idec
grid.33489.35,University of Delaware
grid.4989.c,Université libre de Bruxelles
grid.4488.0,Dresden University of Technology
grid.170430.1,University of Central Florida
grid.1374.1,University of Turku
grid.121334.6,University of Montpellier
grid.7489.2,Ben-Gurion University of the Negev
grid.6734.6,Technical University of Berlin
grid.239552.a,Children's Hospital of Philadelphia
grid.59062.38,University of Vermont
grid.7080.f,Autonomous University of Barcelona
grid.418276.e,Carnegie Institution for Science
grid.6214.1,University of Twente
grid.4795.f,Complutense University of Madrid
grid.265436.0,Uniformed Services University of the Health Sciences
grid.7372.1,University of Warwick
grid.8664.c,University of Giessen
grid.9018.0,Martin Luther University of Halle-Wittenberg
grid.36303.35,Electronics and Telecommunications Research Institute
grid.267323.1,University of Texas at Dallas
grid.266900.b,University of Oklahoma
grid.9647.c,Leipzig University
grid.240684.c,Rush University Medical Center
grid.5012.6,Maastricht University
grid.5395.a,University of Pisa
grid.240614.5,Roswell Park Cancer Institute
grid.63368.38,Houston Methodist Hospital
grid.418251.b,Fujitsu
grid.9707.9,Kanazawa University
grid.7107.1,University of Aberdeen
grid.35541.36,Korea Institute of Science and Technology
grid.1010.0,University of Adelaide
grid.419357.d,National Renewable Energy Laboratory
grid.9613.d,University of Jena
grid.239826.4,Guy's Hospital
grid.5640.7,Linköping University
grid.264381.a,Sungkyunkwan University
grid.131063.6,University of Notre Dame
grid.9486.3,National Autonomous University of Mexico
grid.419491.0,Max Delbrück Center for Molecular Medicine
grid.5329.d,Vienna University of Technology
grid.33199.31,Huazhong University of Science and Technology
grid.5216.0,National and Kapodistrian University of Athens
grid.59053.3a,University of Science and Technology of China
grid.266902.9,University of Oklahoma Health Sciences Center
grid.10423.34,Hannover Medical School
grid.34429.38,University of Guelph
grid.418596.7,Curie Institute
grid.451303.0,Pacific Northwest National Laboratory
grid.25152.31,University of Saskatchewan
grid.55602.34,Dalhousie University
grid.241054.6,University of Arkansas for Medical Sciences
grid.4777.3,Queen's University Belfast
grid.10548.38,Stockholm University
grid.7727.5,University of Regensburg
grid.41156.37,Nanjing University
grid.12981.33,Sun Yat-sen University
grid.202665.5,Brookhaven National Laboratory
grid.266436.3,University of Houston
grid.98913.3a,SRI International
grid.15496.3f,Vita-Salute San Raffaele University
grid.11914.3c,University of St Andrews
grid.5949.1,University of Münster
grid.5947.f,Norwegian University of Science and Technology
grid.22937.3d,Medical University of Vienna
grid.10253.35,University of Marburg
grid.257413.6,Indiana University – Purdue University Indianapolis
grid.419841.1,Takeda Pharmaceutical Company
grid.413629.b,Hammersmith Hospital
grid.14476.30,Moscow State University
grid.420451.6,Google
grid.418143.b,General Electric
grid.417587.8,Food and Drug Administration
grid.290496.0,Center for Biologics Evaluation and Research
grid.412807.8,Vanderbilt University Medical Center
grid.267335.6,University of Tokushima
grid.411015.0,University of Alabama
grid.10858.34,University of Oulu
grid.5685.e,University of York
grid.231844.8,University Health Network
grid.4691.a,University of Naples Federico II
grid.417264.2,VCU Medical Center
grid.5284.b,University of Antwerp
grid.7886.1,University College Dublin
grid.258269.2,Juntendo University
grid.430948.2,Wilmington University
grid.413734.6,NewYork–Presbyterian Hospital
grid.412041.2,University of Bordeaux
grid.420044.6,Bayer
grid.5475.3,University of Surrey
grid.419890.d,Ontario Institute for Cancer Research
grid.411667.3,Georgetown University Medical Center
grid.415751.3,Rega Institute for Medical Research
grid.464688.0,St George's Hospital
grid.5110.5,University of Graz
grid.11749.3a,Saarland University
grid.453401.7,National Archives and Records Administration
grid.61971.38,Simon Fraser University
grid.8484.0,University of Ferrara
grid.263518.b,Shinshu University
grid.35030.35,City University of Hong Kong
grid.36567.31,Kansas State University
grid.185448.4,"Agency for Science, Technology and Research"
grid.412134.1,Necker-Enfants Malades Hospital
grid.416167.3,Mount Sinai Hospital
grid.7836.a,University of Cape Town
grid.28287.37,Ericsson
grid.30389.31,University of California
grid.239573.9,Cincinnati Children's Hospital Medical Center
grid.253294.b,Brigham Young University
grid.10825.3e,University of Southern Denmark
grid.14830.3e,John Innes Centre
grid.8155.9,University of Wales
grid.9027.c,University of Perugia
grid.34980.36,Indian Institute of Science
grid.208078.5,University of Connecticut Health Center
grid.24381.3c,Karolinska University Hospital
grid.253615.6,George Washington University
grid.420331.7,"Academy of Medical Sciences, United Kingdom"
grid.418095.1,Academy of Sciences of the Czech Republic
grid.415273.6,Memorial Hospital of South Bend
grid.9024.f,University of Siena
grid.4643.5,Polytechnic University of Milan
grid.26090.3d,Clemson University
grid.11984.35,University of Strathclyde
grid.1017.7,RMIT University
grid.6341.0,Swedish University of Agricultural Sciences
grid.212340.6,City University of New York
grid.488623.3,University of Oregon
grid.417703.6,Affymetrix
grid.266842.c,University of Newcastle
grid.252546.2,Auburn University
grid.426108.9,Royal Free Hospital
grid.4491.8,Charles University in Prague
grid.260493.a,Nara Institute of Science and Technology
grid.15485.3d,Helsinki University Central Hospital
grid.174567.6,Nagasaki University
grid.410786.c,Kitasato University
grid.411087.b,State University of Campinas
grid.260433.0,Nagoya City University
grid.64924.3d,Jilin University
grid.5117.2,Aalborg University
grid.413561.4,University of Cincinnati Academic Health Center
grid.412750.5,University of Rochester Medical Center
grid.255986.5,Florida State University
grid.29980.3a,University of Otago
grid.416651.1,Istituto Superiore di Sanità
grid.49470.3e,Wuhan University
grid.13291.38,Sichuan University
grid.256642.1,Gunma University
grid.185006.a,La Jolla Institute for Allergy and Immunology
grid.7914.b,University of Bergen
grid.410413.3,Graz University of Technology
grid.5338.d,University of Valencia
grid.10992.33,Paris Descartes University
grid.25697.3f,University of Lyon
grid.27255.37,Shandong University
grid.416166.2,"Mount Sinai Hospital, Toronto"
grid.253264.4,Brandeis University
grid.7872.a,University College Cork
grid.67033.31,Tufts Medical Center
grid.260975.f,Niigata University
grid.425975.8,STMicroelectronics
grid.260917.b,New York Medical College
grid.258550.f,Kettering University
grid.5771.4,University of Innsbruck
grid.164971.c,Loyola University Chicago
grid.136594.c,Tokyo University of Agriculture and Technology
grid.88379.3d,"Birkbeck, University of London"
grid.22448.38,George Mason University
grid.1049.c,QIMR Berghofer Medical Research Institute
grid.9435.b,University of Reading
grid.6571.5,Loughborough University
grid.154185.c,Aarhus University Hospital
grid.268154.c,West Virginia University
grid.22098.31,Bar-Ilan University
grid.52788.30,Wellcome Trust
grid.261445.0,Osaka City University
grid.11804.3c,Semmelweis University
grid.481686.5,Eastman Kodak Company
grid.418195.0,Babraham Institute
grid.8385.6,Forschungszentrum Jülich
grid.7273.1,Aston University
grid.272458.e,Kyoto Prefectural University of Medicine
grid.256342.4,Gifu University
grid.5515.4,Autonomous University of Madrid
grid.472821.a,Qualcomm
grid.5290.e,Waseda University
grid.413795.d,Sheba Medical Center
grid.39936.36,The Catholic University of America
grid.86715.3d,Université de Sherbrooke
grid.418961.3,Regeneron
grid.260770.4,National Yang-Ming University
grid.41891.35,Montana State University
grid.8536.8,Federal University of Rio de Janeiro
grid.260026.0,Mie University
grid.6986.1,Tampere University of Technology
grid.79703.3a,South China University of Technology
grid.5606.5,University of Genoa
grid.268397.1,Yamaguchi University
grid.39479.30,Massachusetts Eye and Ear Infirmary
grid.16890.36,Hong Kong Polytechnic University
grid.265061.6,Tokai University
grid.21941.3f,National Institute for Materials Science
grid.12082.39,University of Sussex
grid.8954.0,University of Ljubljana
grid.33763.32,Tianjin University
grid.16872.3a,VU University Medical Center
grid.469946.0,J. Craig Venter Institute
grid.19373.3f,Harbin Institute of Technology
grid.411017.2,University of Arkansas
grid.425213.3,St Thomas' Hospital
grid.426471.2,Xerox
grid.258622.9,Kindai University
grid.481782.0,Toyota
grid.263037.3,Salisbury University
grid.34428.39,Carleton University
grid.435231.2,Heinrich Hertz Institute
grid.5509.9,University of Tampere
grid.258803.4,Kyungpook National University
grid.417068.c,Western General Hospital
grid.7644.1,University of Bari
grid.9621.c,Joseph Fourier University
grid.410714.7,Showa University
grid.8158.4,University of Catania
grid.420132.6,Norwich Research Park
grid.15781.3a,Paul Sabatier University
grid.264484.8,Syracuse University
grid.7849.2,Claude Bernard University Lyon 1
grid.11843.3f,University of Strasbourg
grid.262229.f,Pusan National University
grid.289247.2,Kyung Hee University
grid.6530.0,University of Rome Tor Vergata
grid.157927.f,Polytechnic University of Valencia
grid.4800.c,Polytechnic University of Turin
grid.274264.1,Oklahoma Medical Research Foundation
grid.258333.c,Kagoshima University
grid.435863.f,Maxygen
grid.7637.5,University of Brescia
grid.216938.7,Nankai University
grid.5846.f,University of Hertfordshire
grid.260969.2,Nihon University
grid.461671.3,Hochschule Hannover
grid.1649.a,Sahlgrenska University Hospital
grid.10877.39,École Polytechnique
grid.273406.4,New England Biolabs
grid.10223.32,Mahidol University
grid.5611.3,University of Verona
grid.18886.3f,Institute of Cancer Research
grid.10383.39,University of Parma
grid.249967.7,Korea Research Institute of Bioscience and Biotechnology
grid.265881.0,University of Akron
grid.1007.6,University of Wollongong
grid.263826.b,Southeast University
grid.9835.7,Lancaster University
grid.252890.4,Baylor University
grid.216417.7,Central South University
grid.4817.a,University of Nantes
grid.1024.7,Queensland University of Technology
grid.43169.39,Xi'an Jiaotong University
grid.417922.b,Ford Motor Company
grid.5924.a,University of Navarra
grid.239585.0,Columbia University Medical Center
grid.14826.39,Research Institute of Molecular Pathology
grid.14005.30,Chonnam National University
grid.9759.2,University of Kent
grid.238491.5,New York State Department of Health
grid.268441.d,Yokohama City University
grid.413448.e,Instituto de Salud Carlos III
grid.474748.c,Mitsubishi Electric
grid.6835.8,Polytechnic University of Catalonia
grid.162346.4,University of Hawaii
grid.267315.4,University of Texas at Arlington
grid.482393.7,Dow Chemical Company
grid.5072.0,The Royal Marsden NHS Foundation Trust
grid.474526.6,Sony Broadcast & Professional Research Laboratories
grid.255364.3,East Carolina University
grid.4299.6,Austrian Academy of Sciences
grid.265107.7,Tottori University
grid.28056.39,East China University of Science and Technology
grid.123047.3,Southampton General Hospital
grid.443909.3,University of Chile
grid.6738.a,Braunschweig University of Technology
grid.145695.a,Chang Gung University
grid.143640.4,University of Victoria
grid.419670.d,Bayer Corporation
grid.240473.6,Penn State Milton S. Hershey Medical Center
grid.266756.6,University of Missouri–Kansas City
grid.5808.5,University of Porto
grid.260542.7,National Chung Hsing University
grid.292487.2,DuPont Pioneer
grid.11047.33,University of Patras
grid.5807.a,Otto-von-Guericke University Magdeburg
grid.255464.4,Ehime University
grid.215352.2,University of Texas at San Antonio
grid.471046.0,Canon Inc.
grid.410781.b,Kurume University
grid.7384.8,University of Bayreuth
grid.410319.e,Concordia University
grid.255802.8,Fairleigh Dickinson University
grid.143643.7,Tokyo University of Science
grid.4562.5,University of Lübeck
grid.21100.32,York University
grid.416353.6,St Bartholomew's Hospital
grid.422154.4,Royal Dutch Shell
grid.416107.5,Royal Children's Hospital
grid.410533.0,Collège de France
grid.4793.9,Aristotle University of Thessaloniki
grid.12026.37,Cranfield University
grid.256304.6,Georgia State University
grid.10776.37,University of Palermo
grid.418232.e,Baxter International
grid.473825.f,Yahoo!
grid.24805.3b,New Mexico State University
grid.12955.3a,Xiamen University
grid.5399.6,Aix-Marseille University
grid.431219.c,Ohio University
grid.37589.30,National Central University
grid.251916.8,Ajou University
grid.261219.f,Norwich University
grid.254230.2,Chungnam National University
grid.5133.4,University of Trieste
grid.419196.2,Shriners Hospitals for Children
grid.202119.9,Inha University
grid.4489.1,University of Granada
grid.4494.d,University Medical Center Groningen
grid.11956.3a,Stellenbosch University
grid.417897.4,Alnylam Pharmaceuticals
grid.10737.32,University of Nice Sophia Antipolis
grid.8430.f,Universidade Federal de Minas Gerais
grid.270683.8,Wellcome Trust Centre for Human Genetics
grid.473117.7,Halliburton
grid.31880.32,Beijing University of Posts and Telecommunications
grid.70909.37,National Institute for Biological Standards and Control
grid.62813.3e,Illinois Institute of Technology
grid.420282.e,United States Army Research Laboratory
grid.7763.5,University of Cagliari
grid.414315.6,Beaumont Hospital
grid.266673.0,"University of Maryland, Baltimore County"
grid.410445.0,University of Hawaii at Manoa
grid.259029.5,Lehigh University
grid.11794.3a,University of Santiago de Compostela
grid.487470.8,Biotechnology Institute
grid.6584.f,Bosch
grid.264706.1,Teikyo University
grid.418899.5,Engelhardt Institute of Molecular Biology
grid.53857.3c,Utah State University
grid.30055.33,Dalian University of Technology
grid.1055.1,Peter MacCallum Cancer Centre
grid.1022.1,Griffith University
grid.419303.c,Slovak Academy of Sciences
grid.410834.a,Panasonic
grid.6142.1,"National University of Ireland, Galway"
grid.9531.e,Heriot-Watt University
grid.9224.d,University of Seville
grid.254748.8,Creighton University
grid.9811.1,University of Konstanz
grid.264784.b,Texas Tech University
grid.8273.e,University of East Anglia
grid.260896.3,New Jersey Institute of Technology
grid.417730.6,Air Force Research Laboratory
grid.422219.e,Vertex Pharmaceuticals
grid.410807.a,Japanese Foundation for Cancer Research
grid.64939.31,Beihang University
grid.8142.f,Catholic University of the Sacred Heart
grid.411545.0,Chonbuk National University
grid.148374.d,Massey University
grid.265850.c,"University at Albany, SUNY"
grid.11951.3d,University of the Witwatersrand
grid.7491.b,Bielefeld University
grid.415306.5,Garvan Institute of Medical Research
grid.7645.0,Kaiserslautern University of Technology
grid.6268.a,University of Bradford
grid.267153.4,University of South Alabama
grid.1014.4,Flinders University
grid.453155.3,National Foundation for Cancer Research
grid.267370.7,University of Ulsan
grid.257157.3,Humboldt State University
grid.255649.9,Ewha Womans University
grid.185669.5,Illumina
grid.412036.2,National Sun Yat-sen University
grid.8532.c,Universidade Federal do Rio Grande do Sul
grid.263171.0,Sapporo Medical University
grid.1004.5,Macquarie University
grid.24516.34,Tongji University
grid.152963.a,Torrey Pines Institute for Molecular Studies
grid.261455.1,Osaka Prefecture University
grid.251313.7,University of Mississippi
grid.413249.9,Royal Prince Alfred Hospital
grid.435086.c,HRL Laboratories
grid.412449.e,China Medical University (PRC)
grid.89485.38,Orange S.A.
grid.8051.c,University of Coimbra
grid.7345.5,University of Buenos Aires
grid.411497.e,Fukuoka University
grid.5718.b,University of Duisburg-Essen
grid.55614.33,Agriculture and Agri-Food Canada
grid.10863.3c,University of Oviedo
grid.418099.d,Council of Scientific and Industrial Research
grid.11417.32,University of Toulouse
grid.418275.d,Instituto Politécnico Nacional
grid.43582.38,Loma Linda University
grid.266818.3,"University of Nevada, Reno"
grid.416153.4,Royal Melbourne Hospital
grid.259979.9,Michigan Technological University
grid.417636.1,Indian Institute of Chemical Technology
grid.10438.3e,University of Messina
grid.11480.3c,University of the Basque Country
grid.7776.1,Cairo University
grid.61221.36,Gwangju Institute of Science and Technology
grid.281926.6,American Red Cross
grid.10417.33,Radboud University Nijmegen Medical Centre
grid.12847.38,University of Warsaw
grid.418162.8,General Motors
grid.415228.8,UCLA Medical Center
grid.416526.2,St Mary's Hospital
grid.1018.8,La Trobe University
grid.413453.4,Leibniz Association
grid.418185.1,Genomics Institute of the Novartis Research Foundation
grid.5361.1,Innsbruck Medical University
grid.258676.8,Konkuk University
grid.471307.6,Epson
grid.410821.e,Nippon Medical School
grid.422638.9,Agilent Technologies
grid.20431.34,University of Rhode Island
grid.423905.9,Dalian Institute of Chemical Physics
grid.7704.4,University of Bremen
grid.415502.7,St. Michael's Hospital
grid.481662.f,Industrial Technology Research Institute
grid.268394.2,Yamagata University
grid.264260.4,Binghamton University
grid.9008.1,University of Szeged
grid.7548.e,University of Modena and Reggio Emilia
grid.8391.3,University of Exeter
grid.239424.a,Boston Medical Center
grid.1453.3,BT Group
grid.272264.7,Hyogo College of Medicine
grid.255414.3,Eastern Virginia Medical School
grid.254549.b,Colorado School of Mines
grid.411947.e,Catholic University of Korea
grid.475169.8,Discovery Institute
grid.418620.9,London Research Institute
grid.260565.2,National Defense Medical Center
grid.15596.3e,Dublin City University
grid.12641.30,Ulster University
grid.8356.8,University of Essex
grid.6324.3,VTT Technical Research Centre of Finland
grid.410783.9,Kansai Medical University
grid.208226.c,Boston College
grid.411951.9,Hamamatsu University
grid.416102.0,Montreal Neurological Institute and Hospital
grid.233134.4,Geneva College
grid.411115.1,Hospital of the University of Pennsylvania
grid.5433.1,Daimler AG
grid.5522.0,Jagiellonian University
grid.58140.38,Mines ParisTech
grid.43555.32,Beijing Institute of Technology
grid.423606.5,National Scientific and Technical Research Council
grid.469280.1,University of Shizuoka
grid.492606.f,Ajinomoto
grid.416992.1,Texas Tech University Health Sciences Center
grid.14442.37,Hacettepe University
grid.263536.7,Shizuoka University
grid.416126.6,Royal Hallamshire Hospital
grid.420090.f,National Institute on Drug Abuse
grid.453400.6,Huawei
grid.46072.37,University of Tehran
grid.11205.37,University of Zaragoza
grid.280062.e,Kaiser Permanente
grid.1623.6,Alfred Hospital
grid.5268.9,University of Alicante
grid.11762.33,University of Salamanca
grid.411249.b,Federal University of São Paulo
grid.419075.e,Ames Research Center
grid.410344.6,Bulgarian Academy of Sciences
grid.8127.c,University of Crete
grid.250415.7,New York Blood Center
grid.420468.c,Great Ormond Street Hospital
grid.420747.2,Honeywell
grid.85084.31,United States Department of Energy
grid.280587.0,Aaron Diamond AIDS Research Center
grid.267337.4,University of Toledo
grid.266456.5,University of Idaho
grid.73113.37,Second Military Medical University
grid.5612.0,Pompeu Fabra University
grid.7122.6,University of Debrecen
grid.7922.e,Chulalongkorn University
grid.241104.2,University Hospitals of Cleveland
grid.418765.9,Eisai
grid.454225.0,Southern Research Institute
grid.15667.33,European Institute of Oncology
grid.183158.6,École Polytechnique de Montréal
grid.13652.33,Robert Koch Institute
grid.413104.3,Sunnybrook Health Sciences Centre
grid.443984.6,St James's University Hospital
grid.268333.f,Wright State University
grid.239864.2,Henry Ford Health System
grid.8195.5,University of Delhi
grid.263081.e,San Diego State University
grid.488235.0,Japan Tobacco
grid.458319.2,Life Technologies
grid.440900.9,Kochi University of Technology
grid.471110.2,Advanced Micro Devices
grid.10493.3f,University of Rostock
grid.14013.37,University of Iceland
grid.418705.f,Institute for Infocomm Research Singapore
grid.10939.32,University of Tartu
grid.417921.8,Incyte
grid.475671.6,World Health Organization
grid.417969.4,Indian Institute of Technology Madras
grid.279863.1,LSU Health Sciences Center New Orleans
grid.5675.1,Technical University of Dortmund
grid.13797.3b,Åbo Akademi University
grid.8752.8,University of Salford
grid.428930.4,Illinois College
grid.39009.33,Merck KGaA
grid.268446.a,Yokohama National University
grid.10760.30,DSM
grid.411451.4,Loyola University Medical Center
grid.54549.39,University of Electronic Science and Technology of China
grid.4973.9,Copenhagen University Hospital
grid.260120.7,Mississippi State University
grid.413480.a,Dartmouth–Hitchcock Medical Center
grid.418674.8,Carlsberg Laboratory
grid.411898.d,Jikei University School of Medicine
grid.17703.32,International Agency for Research on Cancer
grid.10400.35,University of Rouen
grid.15140.31,École normale supérieure de Lyon
grid.263761.7,Soochow University (Suzhou)
grid.47716.33,Nagoya Institute of Technology
grid.21006.35,University of Canterbury
grid.239915.5,Hospital for Special Surgery
grid.417971.d,Indian Institute of Technology Bombay
grid.410566.0,Ghent University Hospital
grid.254224.7,Chung-Ang University
grid.65456.34,Florida International University
grid.429017.9,Indian Institute of Technology Kharagpur
grid.10586.3a,University of Murcia
grid.5645.2,Erasmus University Medical Center
grid.25055.37,Memorial University of Newfoundland
grid.421234.2,ExxonMobil
grid.420015.2,Mitre Corporation
grid.410814.8,Nara Medical University
grid.263856.c,Southern Illinois University Carbondale
grid.5991.4,Paul Scherrer Institute
grid.32995.34,Malmö University
grid.417710.4,Human Genome Sciences
grid.11893.32,Universidad de Sonora
grid.410721.1,University of Mississippi Medical Center
grid.56302.32,King Saud University
grid.482401.b,Chevron Corporation
grid.268091.4,Wellesley College
grid.410543.7,Sao Paulo State University
grid.418118.5,Armed Forces Institute of Pathology
grid.267346.2,University of Toyama
grid.39436.3b,Shanghai University
grid.67293.39,Hunan University
grid.5591.8,Eötvös Loránd University
grid.413103.4,Henry Ford Hospital
grid.265050.4,Toho University
grid.9983.b,University of Lisbon
grid.256115.4,Fujita Health University
grid.492727.d,GE Healthcare
grid.7728.a,Brunel University London
grid.418084.1,Institut national de la recherche scientifique
grid.9757.c,Keele University
grid.488233.6,Celgene
grid.411212.5,Kyoto Pharmaceutical University
grid.6759.d,Budapest University of Technology and Economics
grid.472522.4,Forest Park
grid.416195.e,Royal Perth Hospital
grid.9481.4,University of Hull
grid.418698.a,United States Environmental Protection Agency
grid.416900.a,United States Army Medical Research Institute of Infectious Diseases
grid.412744.0,Princess Alexandra Hospital
grid.417720.7,Cytel
grid.4808.4,University of Zagreb
grid.471056.1,Hoya Corporation
grid.425196.d,International Centre for Genetic Engineering and Biotechnology
grid.258806.1,Kyushu Institute of Technology
grid.412804.b,Toyohashi University of Technology
grid.1035.7,Warsaw University of Technology
grid.426571.3,IMEC
grid.412010.6,Kangwon National University
grid.89957.3a,Nanjing Medical University
grid.1026.5,University of South Australia
grid.254229.a,Chungbuk National University
grid.266869.5,University of North Texas
grid.463717.0,Télécom ParisTech
grid.467270.0,Casio
grid.266859.6,University of North Carolina at Charlotte
grid.27235.31,United States Department of Health and Human Services
grid.5390.f,University of Udine
grid.9668.1,University of Eastern Finland
grid.261128.e,Northern Illinois University
grid.416614.0,National Defense Medical College
grid.265074.2,Tokyo Metropolitan University
grid.233520.5,Fourth Military Medical University
grid.412587.d,University of Virginia Health System
grid.117476.2,"University of Technology, Sydney"
grid.410827.8,Shiga University of Medical Science
grid.411588.1,Baylor University Medical Center
grid.267468.9,University of Wisconsin–Milwaukee
grid.261138.f,Northern Michigan University
grid.493827.3,"Cisco Systems, Inc."
grid.10328.38,University of Minho
grid.416477.7,North Shore-LIJ Health System
grid.448733.f,Hodges University
grid.10772.33,Universidade Nova de Lisboa
grid.261055.5,North Dakota State University
grid.7269.a,Ain Shams University
grid.417796.a,Corning Inc.
grid.412019.f,Kaohsiung Medical University
grid.473219.a,Abbott Laboratories
grid.416075.1,Royal Adelaide Hospital
grid.4319.f,SINTEF
grid.414964.a,Samsung Medical Center
grid.135963.b,University of Wyoming
grid.410802.f,Saitama Medical University
grid.474412.0,Apple Inc.
grid.470125.5,University Medical Center New Orleans
grid.254147.1,China Pharmaceutical University
grid.5887.2,NXP Semiconductors
grid.260128.f,Missouri University of Science and Technology
grid.7149.b,University of Belgrade
grid.417184.f,Toronto General Hospital
grid.412013.5,Kansai University
grid.5373.2,Aalto University
grid.411697.c,Gifu Pharmaceutical University
grid.268323.e,Worcester Polytechnic Institute
grid.413618.9,All India Institute of Medical Sciences
grid.264091.8,St. John's University
grid.262863.b,SUNY Downstate Medical Center
grid.263736.5,Sogang University
grid.59784.37,National Health Research Institutes
grid.418214.a,Institut de Chimie des Substances Naturelles
grid.440736.2,Xidian University
grid.11696.39,University of Trento
grid.419025.b,Kyoto Institute of Technology
grid.48166.3d,Beijing University of Chemical Technology
grid.418918.d,"Enzon Pharmaceuticals, Inc."
grid.411714.6,Glasgow Royal Infirmary
grid.261368.8,Old Dominion University
grid.419396.0,"National Institute for Basic Biology, Japan"
grid.9970.7,Johannes Kepler University of Linz
grid.190737.b,Chongqing University
grid.412047.4,National Chung Cheng University
grid.192673.8,General Atomics
grid.5613.1,University of Burgundy
grid.10347.31,University of Malaya
grid.4241.3,National Technical University of Athens
grid.45672.32,King Abdullah University of Science and Technology
grid.28848.3e,Institut Eurécom
grid.413449.f,Tel Aviv Sourasky Medical Center
grid.9601.e,Istanbul University
grid.11485.39,Cancer Research UK
grid.272799.0,Buck Institute for Research on Aging
grid.444515.5,Japan Advanced Institute of Science and Technology
grid.4461.7,Lille University of Science and Technology
grid.1032.0,Curtin University
grid.488641.7,Ministry of Education
grid.412896.0,Taipei Medical University
grid.32566.34,Lanzhou University
grid.1019.9,"Victoria University, Australia"
grid.263864.d,Southern Methodist University
grid.63984.30,McGill University Health Centre
grid.17866.3e,California Pacific Medical Center
grid.22935.3f,China Agricultural University
grid.8534.a,University of Fribourg
grid.9122.8,Leibniz University of Hanover
grid.11780.3f,University of Salerno
grid.422418.9,American Cancer Society
grid.467212.4,Adobe Systems
grid.239560.b,Children's National Medical Center
grid.10215.37,University of Málaga
grid.262613.2,Rochester Institute of Technology
grid.411023.5,State University of New York Upstate Medical University
grid.49697.35,University of Pretoria
grid.239494.1,Carolinas Medical Center
grid.263023.6,Saitama University
grid.4970.a,"Royal Holloway, University of London"
grid.24696.3f,Capital Medical University
grid.250889.e,Texas Biomedical Research Institute
grid.240588.3,Rhode Island Hospital
grid.288127.6,National Institute of Genetics
grid.158820.6,University of L'Aquila
grid.56061.34,University of Memphis
grid.438219.5,Structural Genomics Consortium
grid.7870.8,Pontifical Catholic University of Chile
grid.413028.c,Yeungnam University
grid.45907.3f,National Taiwan University of Science and Technology
grid.479900.3,Hospital Research Foundation
grid.4701.2,University of Portsmouth
grid.418363.b,Central Drug Research Institute
grid.18376.3b,Bilkent University
grid.256681.e,Gyeongsang National University
grid.419765.8,Swiss Institute of Bioinformatics
grid.417738.e,AgResearch
grid.5690.a,Technical University of Madrid
grid.412584.e,University of Iowa Hospitals and Clinics
grid.1021.2,Deakin University
grid.15399.37,Institut national des sciences Appliquées de Lyon
grid.466922.d,Mentor Graphics
grid.411612.1,Inje University
grid.55325.34,Oslo University Hospital
grid.419504.d,Istituto Giannina Gaslini
grid.22903.3a,American University of Beirut
grid.56466.37,Woods Hole Oceanographic Institution
grid.112485.b,University of Orléans
grid.264763.2,Texas A&M University System
grid.418068.3,Oswaldo Cruz Foundation
grid.262075.4,Portland State University
grid.9594.1,University of Ioannina
grid.257127.4,Howard University
grid.410422.1,Center for Information Technology
grid.411205.3,Kyorin University
grid.251017.0,Van Andel Institute
grid.68287.33,Nortel
grid.1009.8,University of Tasmania
grid.211367.0,Jet Propulsion Laboratory
grid.7563.7,University of Milano-Bicocca
grid.418304.a,Bhabha Atomic Research Centre
grid.7311.4,University of Aveiro
grid.6441.7,Vilnius University
grid.250942.8,Translational Genomics Research Institute
grid.413016.1,"University of Agriculture, Faisalabad"
grid.5659.f,University of Paderborn
grid.11450.31,University of Sassari
grid.6935.9,Middle East Technical University
grid.410804.9,Jichi Medical University
grid.10267.32,Masaryk University
grid.10049.3c,University of Limerick
grid.455982.7,Rockwell Automation
grid.11348.3f,University of Potsdam
grid.22069.3f,East China Normal University
grid.35155.37,Huazhong Agricultural University
grid.241103.5,University Hospital of Wales
grid.221309.b,Hong Kong Baptist University
grid.417965.8,Indian Institute of Technology Kanpur
grid.412703.3,Royal North Shore Hospital
grid.483500.a,Center for Drug Evaluation and Research
grid.7452.4,Paris Diderot University
grid.207374.5,Zhengzhou University
grid.411726.7,University of Toledo Medical Center
grid.412764.2,St. Marianna University School of Medicine
grid.255168.d,Dongguk University
grid.424580.f,Lundbeck
grid.225262.3,University of Massachusetts Lowell
grid.240382.f,North Shore University Hospital
grid.412043.0,University of Caen Lower Normandy
grid.6312.6,University of Vigo
grid.259879.8,Meijo University
grid.412110.7,National University of Defense Technology
grid.258151.a,Jiangnan University
grid.7159.a,University of Alcalá
grid.465718.9,Newbury College
grid.264200.2,"St George's, University of London"
grid.6203.7,Statens Serum Institut
grid.5970.b,International School for Advanced Studies
grid.481667.a,E Ink Corporation
grid.254187.d,Chosun University
grid.412125.1,King Abdulaziz University
grid.482476.b,Montreal Heart Institute
grid.410579.e,Nanjing University of Science and Technology
grid.416699.5,St. Joseph Hospital
grid.460789.4,Université Paris-Saclay
grid.255951.f,Florida Atlantic University
grid.419638.1,National Institute of Radiological Sciences
grid.240344.5,Nationwide Children's Hospital
grid.258164.c,Jinan University
grid.11166.31,University of Poitiers
grid.451052.7,National Health Service
grid.266862.e,University of North Dakota
grid.144532.5,Marine Biological Laboratory
grid.7005.2,Wrocław University of Technology
grid.417967.a,Indian Institute of Technology Delhi
grid.412008.f,Haukeland University Hospital
grid.419953.3,Otsuka Pharmaceutical
grid.472794.b,Broadcom
grid.217309.e,Stevens Institute of Technology
grid.411705.6,Tehran University of Medical Sciences
grid.4827.9,Swansea University
grid.410570.7,Third Military Medical University
grid.250514.7,Pennington Biomedical Research Center
grid.7634.6,Comenius University in Bratislava
grid.412484.f,Seoul National University Hospital
grid.259956.4,Miami University
grid.473031.2,Deutsche Telekom
grid.253613.0,University of Montana
grid.25786.3e,Istituto Italiano di Tecnologia
grid.4912.e,Royal College of Surgeons in Ireland
grid.410337.2,Infineon Technologies
grid.439749.4,University College Hospital
grid.411196.a,Kuwait University
grid.412135.0,King Fahd University of Petroleum and Minerals
grid.413560.5,Hotel Dieu Hospital
grid.7155.6,Alexandria University
grid.251924.9,Akita University
grid.414818.0,Fondazione IRCCS Ca' Granda Ospedale Maggiore Policlinico
grid.7143.1,Odense University Hospital
grid.266820.8,University of New Brunswick
grid.8186.7,Aberystwyth University
grid.11451.30,Gdańsk Medical University
grid.448385.6,Wright-Patterson Air Force Base
grid.418255.f,Becton Dickinson
grid.11875.3a,Universiti Sains Malaysia
grid.20931.39,Royal Veterinary College
grid.493290.5,Institut Français
grid.7551.6,German Aerospace Center
grid.413156.4,Rabin Medical Center
grid.412354.5,Uppsala University Hospital
grid.449026.d,Darmstadt University of Applied Sciences
grid.415719.f,Churchill Hospital
grid.411237.2,Universidade Federal de Santa Catarina
grid.5602.1,University of Camerino
grid.419086.2,Langley Research Center
grid.49481.30,University of Waikato
grid.473206.4,Thermo Fisher Scientific
grid.259670.f,Marquette University
grid.492734.f,Genmab
grid.284723.8,Southern Medical University
grid.258331.e,Kagawa University
grid.266298.1,University of Electro-Communications
grid.257016.7,Hirosaki University
grid.280418.7,Southern Illinois University School of Medicine
grid.266835.c,University of New Orleans
grid.167436.1,University of New Hampshire
grid.479969.c,Huntsman Cancer Institute
grid.414980.0,Jewish General Hospital
grid.263145.7,Sant'Anna School of Advanced Studies
grid.482915.3,Population Council
grid.411982.7,Dankook University
grid.414925.f,Flinders Medical Centre
grid.444883.7,Osaka Medical College
grid.481711.a,Nikon
grid.418377.e,Genome Institute of Singapore
grid.419319.7,Manchester Royal Infirmary
grid.9004.d,Health Protection Agency
grid.10582.3e,Novozymes
grid.474690.8,RIKEN Brain Science Institute
grid.416099.3,Montreal General Hospital
grid.27871.3b,Nanjing Agricultural University
grid.419236.b,PerkinElmer
grid.248762.d,BC Cancer Agency
grid.265893.3,University of Alabama in Huntsville
grid.7907.9,Blaise Pascal University
grid.240372.0,NorthShore University HealthSystem
grid.55460.32,University of Texas System
grid.7039.d,University of Salzburg
grid.412339.e,Saga University
grid.417480.e,Raytheon
grid.278247.c,Taipei Veterans General Hospital
grid.412239.f,Hoshi University
grid.240283.f,Montefiore Medical Center
grid.418751.e,National Academy of Sciences of Ukraine
grid.411417.6,LSU Health Sciences Center Shreveport
grid.42687.3f,Ulsan National Institute of Science and Technology
grid.11142.37,Universiti Putra Malaysia
grid.418312.d,Bio-Rad Laboratories
grid.412561.5,Shenyang Pharmaceutical University
grid.416266.1,Ninewells Hospital
grid.419799.b,Oracle Corporation
grid.411507.6,Banaras Hindu University
grid.163555.1,Singapore General Hospital
grid.420222.4,Syngenta
grid.5253.1,University Hospital Heidelberg
grid.473039.a,Dow AgroSciences
grid.11598.34,Medical University of Graz
grid.472381.b,Schiller International University
grid.10516.33,Istanbul Technical University
grid.9344.a,National University of Ireland
grid.9681.6,University of Jyväskylä
grid.476513.2,MorphoSys
grid.411463.5,Islamic Azad University
grid.471052.5,Honda
grid.488238.d,Alexion Pharmaceuticals
grid.258518.3,Kent State University
grid.5601.2,University of Mannheim
grid.465202.7,Systems Research Institute
grid.11162.35,University of Picardie Jules Verne
grid.263333.4,Sejong University
grid.410793.8,Tokyo Medical University
grid.455526.5,Analog Devices
grid.419157.f,Mexican Social Security Institute
grid.21106.34,University of Maine
grid.1073.5,St. Vincent's Institute of Medical Research
grid.411582.b,Fukushima Medical University
grid.436474.6,Moorfields Eye Hospital
grid.267500.6,University of Yamanashi
grid.20513.35,Beijing Normal University
grid.418042.b,Astellas Pharma
grid.425396.f,Paul Ehrlich Institute
grid.416060.5,Monash Medical Centre
grid.427821.a,The Breast Cancer Research Foundation
grid.435018.b,Industrial Research Institute
grid.5196.b,ENEA
grid.10837.3d,Open University
grid.440588.5,Northwestern Polytechnical University
grid.162110.5,Wuhan University of Technology
grid.416732.5,San Francisco General Hospital
grid.250945.f,Trudeau Institute
grid.7354.5,Swiss Federal Laboratories for Materials Science and Technology
grid.256425.2,Goucher College
grid.12366.30,François Rabelais University
grid.256753.0,Hallym University
grid.262641.5,Rosalind Franklin University of Medicine and Science
grid.27873.39,Battelle Memorial Institute
grid.6926.b,Luleå University of Technology
grid.418374.d,Rothamsted Research
grid.413820.c,Charing Cross Hospital
grid.68312.3e,Ryerson University
grid.413085.b,University of Colorado Hospital
grid.69775.3a,University of Science and Technology Beijing
grid.417188.3,Toronto Western Hospital
grid.95004.38,Maynooth University
grid.418482.3,Bristol Royal Infirmary
grid.7256.6,Ankara University
grid.412090.e,National Taiwan Normal University
grid.411792.8,Iwate University
grid.474379.a,Nvidia
grid.267455.7,University of Windsor
grid.419248.2,Leicester Royal Infirmary
grid.420228.e,Transgene SA
grid.267193.8,University of Southern Mississippi
grid.7632.0,University of Brasília
grid.415235.4,MedStar Washington Hospital Center
grid.451309.a,Joint Genome Institute
grid.259614.d,Mansfield University of Pennsylvania
grid.417523.6,Rothberg Institute For Childhood Diseases
grid.461902.8,Institut Charles Sadron
grid.1027.4,Swinburne University of Technology
grid.445000.5,Ottawa University
grid.256155.0,Gachon University
grid.416188.2,Mount Vernon Hospital
grid.413252.3,Westmead Hospital
grid.53964.3d,Seattle Biomed
grid.430779.e,MetroHealth
grid.9464.f,University of Hohenheim
grid.412947.d,Western Infirmary
grid.8585.0,University of Gdańsk
grid.260427.5,Nagaoka University of Technology
grid.421694.c,Rockwell International
grid.427904.c,United States Department of the Army
grid.254280.9,Clarkson University
grid.181531.f,Beijing Jiaotong University
grid.240023.7,Kennedy Krieger Institute
grid.433851.8,Vollum Institute
grid.424549.a,Carl Zeiss AG
grid.7132.7,Chiang Mai University
grid.5239.d,University of Valladolid
grid.280432.f,Boston Biomedical Research Institute
grid.476476.0,Merck Serono
grid.411234.1,Aichi Medical University
grid.1108.8,Naval Postgraduate School
grid.411202.4,Kwangwoon University
grid.275033.0,Graduate University for Advanced Studies
grid.263791.8,South Dakota State University
grid.5603.0,University of Greifswald
grid.410498.0,"Agricultural Research Organization, Volcani Center"
grid.414094.c,Austin Hospital
grid.7362.0,Bangor University
grid.415913.b,Naval Medical Research Center
grid.423893.7,AkzoNobel
grid.415086.e,Kawasaki Medical School
grid.417533.7,Charles Stark Draper Laboratory
grid.255169.c,Donghua University
grid.477834.b,Sarah Cannon Research Institute
grid.18098.38,University of Haifa
grid.284594.6,Corixa Corporation
grid.261674.0,"Panjab University, Chandigarh"
grid.37553.37,Jordan University of Science and Technology
grid.416879.5,Virginia Mason Medical Center
grid.412553.4,Sharif University of Technology
grid.425313.2,Synopsys
grid.4807.b,University of León
grid.452834.c,Science for Life Laboratory
grid.254250.4,City College of New York
grid.411649.f,Chung Yuan Christian University
grid.420545.2,Guy's and St Thomas' NHS Foundation Trust
grid.440785.a,Jiangsu University
grid.412623.0,University of Washington Medical Center
grid.417629.f,Central Food Technological Research Institute
grid.254298.0,Cleveland State University
grid.155956.b,Centre for Addiction and Mental Health
grid.6603.3,University of Cyprus
grid.419788.b,National Veterinary Institute
grid.419994.8,AREA Science Park
grid.414299.3,Christchurch Hospital
grid.1051.5,Baker IDI Heart and Diabetes Institute
grid.429755.8,Neurocrine Biosciences
grid.28703.3e,Beijing University of Technology
grid.262576.2,Ritsumeikan University
grid.419042.a,Repligen Corporation
grid.2865.9,United States Geological Survey
grid.25769.3f,Gazi University
grid.20258.3d,Karlstad University
grid.267625.2,University of the Ryukyus
grid.7778.f,University of Calabria
grid.257949.4,Ithaca College
grid.265070.6,Tokyo Dental College
grid.436923.9,Environmental Molecular Sciences Laboratory
grid.7252.2,University of Angers
grid.412576.3,Pukyong National University
grid.447636.4,West Los Angeles College
grid.216499.1,Jadavpur University
grid.1011.1,James Cook University
grid.414021.2,Hennepin County Medical Center
grid.483504.e,National Center for Toxicological Research
grid.422595.d,Statoil
grid.5398.7,European Synchrotron Radiation Facility
grid.412087.8,National Taipei University of Technology
grid.421386.a,Miles College
grid.252523.1,Athens State University
grid.420368.b,International AIDS Vaccine Initiative
grid.9679.1,University of Pécs
grid.4527.4,Mario Negri Institute for Pharmacological Research
grid.411905.8,Hvidovre Hospital
grid.9132.9,CERN
grid.7459.f,University of Franche-Comté
grid.472773.2,Alkermes
grid.7010.6,Marche Polytechnic University
grid.8505.8,University of Wrocław
grid.416041.6,Royal London Hospital
grid.412039.d,Dokkyo University
grid.12284.3d,Democritus University of Thrace
grid.410351.2,National Physical Laboratory
grid.133275.1,Goddard Space Flight Center
grid.250263.0,Nathan Kline Institute for Psychiatric Research
grid.53959.33,Infectious Disease Research Institute
grid.410899.d,Wonkwang University
grid.411100.5,Kobe Pharmaceutical University
grid.480028.6,Saudi Aramco
grid.481724.c,Renesas Electronics
grid.471255.0,Ricoh
grid.11918.30,University of Stirling
grid.6652.7,Czech Technical University in Prague
grid.418254.e,Beckman Coulter
grid.464716.6,"University of Agricultural Sciences, Dharwad"
grid.420360.3,Integrated DNA Technologies
grid.266871.c,University of North Texas Health Science Center
grid.413955.f,Asahikawa Medical College
grid.465536.7,Max F. Perutz Laboratories
grid.6810.f,Chemnitz University of Technology
grid.280747.e,VA Palo Alto Healthcare System
grid.476109.d,"ARIAD Pharmaceuticals, Inc."
grid.7708.8,University Medical Center Freiburg
grid.15775.31,University of St. Gallen
grid.411368.9,Amirkabir University of Technology
grid.410736.7,Harbin Medical University
grid.91443.3b,Kookmin University
grid.18048.35,University of Hyderabad
grid.418161.b,Leeds General Infirmary
grid.467266.7,Cadence Design Systems
grid.265960.e,University of Arkansas at Little Rock
grid.461656.6,"Ragon Institute of MGH, MIT and Harvard"
grid.445078.a,Soochow University (Taiwan)
grid.15447.33,Saint Petersburg State University
grid.6390.c,École normale supérieure de Cachan
grid.474390.d,Facebook
grid.410772.7,Tokyo University of Agriculture
grid.9966.0,University of Limoges
grid.412334.3,Oita University
grid.19477.3c,Norwegian University of Life Sciences
grid.13339.3b,Medical University of Warsaw
grid.424065.1,Bernhard Nocht Institute for Tropical Medicine
grid.264889.9,College of William & Mary
grid.419077.c,Glenn Research Center
grid.255166.3,Dong-a University
grid.411247.5,Federal University of São Carlos
grid.465543.5,Wadsworth Center
grid.43519.3a,United Arab Emirates University
grid.28577.3f,City University London
grid.442900.b,Hebron University
grid.411790.a,Iwate Medical University
grid.419290.7,Israel Institute for Biological Research
grid.6435.4,Teagasc
grid.410784.e,Kobe Gakuin University
grid.421812.c,deCODE genetics
grid.436931.a,"Osiris Therapeutics, Inc."
grid.6963.a,Poznań University of Technology
grid.250903.d,The Feinstein Institute for Medical Research
grid.240531.1,Providence Portland Medical Center
grid.412113.4,National University of Malaysia
grid.255381.8,East Tennessee State University
grid.16008.3f,University of Luxembourg
grid.240866.e,St. Joseph's Hospital and Medical Center
grid.469325.f,Zhejiang University of Technology
grid.27446.33,Northeast Normal University
grid.413503.0,Casa Sollievo della Sofferenza
grid.268099.c,Wenzhou Medical College
grid.263488.3,Shenzhen University
grid.8302.9,Ege University
grid.48769.34,Cliniques Universitaires Saint-Luc
grid.15876.3d,Koç University
grid.20736.30,Federal University of Paraná
grid.411998.c,Kanazawa Medical University
grid.25627.34,Manchester Metropolitan University
grid.472551.0,United States Forest Service
grid.411519.9,China University of Petroleum
grid.466926.9,Mercer University
grid.421980.6,Advanced Cell Technology
grid.266231.2,University of Dayton
grid.9499.d,National University of La Plata
grid.481781.3,Toray Industries
grid.468205.d,Maine Medical Center
grid.488273.2,Daiichi Sankyo
grid.22539.3f,"Institute of Chemistry, Slovak Academy of Sciences"
grid.256105.5,Fu Jen Catholic University
grid.62562.35,RTI International
grid.410849.0,University of Miyazaki
grid.413621.3,Allegheny General Hospital
grid.418514.d,Instituto Butantan
grid.185107.a,International Computer Science Institute
grid.411621.1,Shimane University
grid.11184.3d,Biomedical Primate Research Centre
grid.410773.6,Ibaraki University
grid.434172.7,Micron Technology
grid.48815.30,De Montfort University
grid.7821.c,University of Cantabria
grid.10041.34,University of La Laguna
grid.8393.1,University of Extremadura
grid.455223.7,Applied Materials
grid.412857.d,Wakayama Medical University
grid.412266.5,Tarbiat Modares University
grid.482271.a,Daresbury Laboratory
grid.412171.0,Hokuriku University
grid.488359.b,CSL Limited
grid.259237.8,Louisiana Tech University
grid.265021.2,Tianjin Medical University
grid.278276.e,Kōchi University
grid.1025.6,Murdoch University
grid.186587.5,San Jose State University
grid.410402.3,New York Academy of Medicine
grid.12361.37,Nottingham Trent University
grid.482020.c,Courant Institute of Mathematical Sciences
grid.252487.e,Assiut University
grid.76978.37,Rutherford Appleton Laboratory
grid.411589.0,Fukuyama University
grid.10985.35,Agricultural University of Athens
grid.278167.d,The Aerospace Corporation
grid.415325.4,Mental Health Research Institute
grid.415368.d,Public Health Agency of Canada
grid.412937.a,Northern General Hospital
grid.411604.6,Fuzhou University
grid.467218.e,Baker Hughes
grid.450255.3,Hamamatsu Photonics
grid.267748.8,Valparaiso University
grid.273206.2,Long Island Jewish Medical Center
grid.263091.f,San Francisco State University
grid.412769.f,Tokushima Bunri University
grid.452317.6,Charles River Laboratories
grid.474709.9,Tektronix
grid.33764.35,Harbin Engineering University
grid.412773.4,Tokyo Denki University
grid.267169.d,University of South Dakota
grid.263765.3,Soongsil University
grid.411949.0,Josai University
grid.263906.8,Southwest University
grid.11355.33,Sofia University
grid.18147.3b,University of Insubria
grid.415970.e,Royal Liverpool University Hospital
grid.11220.30,Boğaziçi University
grid.263785.d,South China Normal University
grid.64938.30,Nanjing University of Aeronautics and Astronautics
grid.476897.3,Cardiovascular Institute of the South
grid.7840.b,Charles III University of Madrid
grid.10251.37,Mansoura University
grid.267627.0,University of the Sciences
grid.44871.3e,University of Mumbai
grid.267033.3,University of Puerto Rico
grid.417929.0,Indian Association for the Cultivation of Science
grid.471192.8,Delphi Automotive
grid.411764.1,Meiji University
grid.10706.30,Jawaharlal Nehru University
grid.413015.2,University of Madras
grid.4764.1,German National Metrology Institute
grid.277313.3,Hartford Hospital
grid.15895.30,Örebro University
grid.414148.c,Children's Hospital of Eastern Ontario
grid.4422.0,Ocean University of China
grid.4425.7,Liverpool John Moores University
grid.450000.1,Wellcome Trust/Cancer Research UK Gurdon Institute
grid.418773.e,Promega
grid.471368.f,Beth Israel Medical Center
grid.412314.1,Ochanomizu University
grid.263901.f,Southwest Jiaotong University
grid.410898.c,Myongji University
grid.480408.0,TSMC
grid.9001.8,Morehouse School of Medicine
grid.412726.4,Thomas Jefferson University Hospital
grid.416568.8,Northwick Park Hospital
grid.12711.34,University of Urbino
grid.263451.7,Shantou University
grid.14001.34,École Centrale Paris
grid.418671.d,École nationale supérieure de chimie de Montpellier
grid.252549.d,Augsburg College
grid.33695.3a,Dublin Institute of Technology
grid.261120.6,Northern Arizona University
grid.57544.37,Health Canada
grid.209665.e,Santa Fe Institute
grid.14758.3f,National Institute for Health and Welfare
grid.416809.2,National Institute for Occupational Safety and Health
grid.11667.37,University of Reims Champagne-Ardenne
grid.255272.5,Duquesne University
grid.452284.d,Swiss Red Cross
grid.9723.f,Kasetsart University
grid.256896.6,Hefei University of Technology
grid.412270.2,Tatung University
grid.240206.2,McLean Hospital
grid.28020.38,University of Almería
grid.424262.4,ASML Holding
grid.257114.4,Hosei University
grid.411298.7,Feng Chia University
grid.471086.c,"Fairchild Semiconductor International, Inc."
grid.473925.e,Myriad Genetics
grid.7628.b,Oxford Brookes University
grid.266239.a,University of Denver
grid.275752.0,National Academy of Sciences
grid.417634.3,Centre for Cellular and Molecular Biology
grid.413322.5,Australian Animal Health Laboratory
grid.267324.6,University of Texas at El Paso
grid.412745.1,London Health Sciences Centre
grid.473686.8,Rafael Advanced Defense Systems
grid.412541.7,Vancouver General Hospital
grid.268415.c,Yangzhou University
grid.415050.5,Freeman Hospital
grid.427848.5,Air Force Institute of Technology
grid.217211.6,Royal Military College of Canada
grid.415382.9,"Mercy Medical Center (Baltimore, Maryland)"
grid.416084.f,Montreal Children's Hospital
grid.419719.3,Kao Corporation
grid.414235.5,Children's Medical Research Institute
grid.410372.3,San Francisco VA Medical Center
grid.256023.0,Fordham University
grid.462481.d,KLA-Tencor
grid.411227.3,Federal University of Pernambuco
grid.418677.b,Chimie ParisTech
grid.10692.3c,National University of Cordoba
grid.417885.7,Agro ParisTech
grid.5214.2,Glasgow Caledonian University
grid.473042.6,Dow Corning
grid.419636.f,Jawaharlal Nehru Centre for Advanced Scientific Research
grid.262007.1,Pomona College
grid.459234.d,École de technologie supérieure
grid.473045.1,Rambus
grid.280718.4,Marshfield Clinic
grid.459996.e,Sumitomo Chemical
grid.410877.d,Universiti Teknologi Malaysia
grid.412681.8,Sophia University
grid.28312.3a,National Institute of Information and Communications Technology
grid.419735.d,Keck Graduate Institute of Applied Life Sciences
grid.15078.3b,Jacobs University Bremen
grid.433105.0,California Health and Human Services Agency
grid.186775.a,Anhui Medical University
grid.10789.37,University of Łódź
grid.254217.7,Chubu University
grid.7130.5,Prince of Songkla University
grid.3521.5,Sir Charles Gairdner Hospital
grid.424471.0,Supélec
grid.412022.7,Nanjing University of Technology
grid.444888.c,Osaka University of Pharmaceutical Sciences
grid.415615.2,Military Medical Academy
grid.240341.0,National Jewish Health
grid.71566.33,Bundesanstalt für Materialforschung und -prüfung
grid.434691.d,European Organisation for Research and Treatment of Cancer
grid.281217.f,GenVec
grid.34424.35,Donald Danforth Plant Science Center
grid.473388.3,"Ministry of Agriculture, Forestry and Fisheries"
grid.453595.b,ConocoPhillips
grid.461914.f,Ablynx
grid.16299.35,Athens University of Economics and Business
grid.419897.a,Chinese Ministry of Education
grid.481774.9,Sumitomo Electric Industries
grid.250820.d,Stowers Institute for Medical Research
grid.415593.f,Shaare Zedek Medical Center
grid.482412.9,Sigma-Tau
grid.264580.d,Tamkang University
grid.410552.7,Turku University Hospital
grid.419334.8,Royal Victoria Infirmary
grid.413160.1,Good Samaritan Hospital
grid.5319.e,University of Girona
grid.412920.c,Nottingham City Hospital
grid.1236.6,BP
grid.16477.33,Marmara University
grid.412493.9,Setsunan University
grid.6383.e,Swedish Institute of Computer Science
grid.260463.5,Nanchang University
grid.263156.5,Santa Clara University
grid.254041.6,Charles R. Drew University of Medicine and Science
grid.411748.f,Iran University of Science and Technology
grid.476647.0,Orion Corporation
grid.265990.1,University of Baltimore
grid.418781.3,Electric Power Research Institute
grid.268246.c,Wichita State University
grid.203458.8,Chongqing Medical University
grid.260567.0,National Dong Hwa University
grid.253248.a,Bowling Green State University
grid.411303.4,Al-Azhar University
grid.454186.a,Ferring Pharmaceuticals
grid.411995.1,Kanagawa University
grid.36823.3c,Conservatoire national des arts et métiers
grid.248902.5,Centenary Institute of Cancer Medicine and Cell Biology
grid.260474.3,Nanjing Normal University
grid.418131.e,Arthur D. Little
grid.48004.38,Liverpool School of Tropical Medicine
grid.413030.5,Southern General Hospital
grid.418564.a,Chinese National Human Genome Center
grid.412172.3,Hongik University
grid.265703.5,Université du Québec à Trois-Rivières
grid.416553.0,St. Paul's Hospital
grid.437123.0,University of Macau
grid.266621.7,University of Louisiana at Lafayette
grid.5836.8,University of Siegen
grid.250060.1,Louisiana State University Agricultural Center
grid.252262.3,Anna University
grid.411407.7,Central China Normal University
grid.9845.0,University of Latvia
grid.266453.0,University of Hyogo
grid.413973.b,Children's Hospital at Westmead
grid.412687.e,Ottawa Hospital
grid.421932.f,UCB
grid.10689.36,National University of Colombia
grid.6518.a,University of the West of England
grid.440511.5,University of Hasselt
grid.15034.33,University of Bedfordshire
grid.411824.a,Tzu Chi University
grid.6884.2,Hamburg University of Technology
grid.11201.33,Plymouth University
grid.260664.0,National Taiwan Ocean University
grid.415895.4,Lenox Hill Hospital
grid.445003.6,SLAC National Accelerator Laboratory
grid.411641.7,Chung Shan Medical University
grid.427785.b,Barrow Neurological Institute
grid.410436.4,Oregon National Primate Research Center
grid.481380.6,The Texas Heart Institute
grid.163577.1,University of Fukui
grid.254662.1,University of the Pacific (United States)
grid.412021.4,Health Sciences University of Hokkaido
grid.412674.2,Soonchunhyang University
grid.42629.3b,Northumbria University
grid.439113.d,WiCell
grid.412326.0,Oulu University Hospital
grid.415490.d,Queen Elizabeth Hospital Birmingham
grid.11486.3a,Flanders Institute for Biotechnology
grid.412803.c,Toyama Prefectural University
grid.415847.b,Lawson Health Research Institute
grid.419250.b,Biotec
grid.481710.b,MediaTek
grid.416986.4,Texas Medical Center
grid.413050.3,Yuan Ze University
grid.417635.2,Indian Institute of Chemical Biology
grid.411702.1,Bispebjerg Hospital
grid.415059.c,Frenchay Hospital
grid.254920.8,DePaul University
grid.414316.5,Christiana Care Health System
grid.16463.36,University of KwaZulu-Natal
grid.431939.5,A. N. Nesmeyanov Institute of Organoelement Compounds
grid.255178.c,Doshisha University
grid.410740.6,Academy of Military Medical Sciences
grid.4825.b,IFREMER
grid.266622.4,University of Louisiana at Monroe
grid.417972.e,Indian Institute of Technology Guwahati
grid.410883.6,Korea Research Institute of Standards and Science
grid.415224.4,Princess Margaret Cancer Centre
grid.412310.5,Obihiro University of Agriculture and Veterinary Medicine
grid.418193.6,Norwegian Institute of Public Health
grid.468410.f,Hudson Institute
grid.4994.0,Brno University of Technology
grid.20561.30,South China Agricultural University
grid.424087.d,Academic Center for Dentistry Amsterdam
grid.297378.0,Universal Display Corporation
grid.467457.3,"Mochida Pharmaceutical Co., Ltd"
grid.250343.3,National Institute of Informatics
grid.265457.7,United States Air Force Academy
grid.444568.f,Okayama University of Science
grid.15538.3a,Kingston University
grid.201894.6,Southwest Research Institute
grid.411423.1,Applied Science Private University
grid.431535.5,Urbana University
grid.412162.2,Emory University Hospital
grid.452687.a,Partners HealthCare
grid.420292.f,"InterDigital, Inc."
grid.280838.9,Pacific Northwest Diabetes Research Institute
grid.420221.7,International Atomic Energy Agency
grid.440891.0,Institut Universitaire de France
grid.267360.6,University of Tulsa
grid.59409.31,Miltenyi Biotec
grid.410473.5,LDS Hospital
grid.12477.37,University of Brighton
grid.1038.a,Edith Cowan University
grid.261103.7,Northeast Ohio Medical University
grid.17788.31,Hadassah Medical Center
grid.487529.5,ASM International
grid.5380.e,University of Concepción
grid.421008.f,Endocyte
grid.266096.d,"University of California, Merced"
grid.267871.d,Villanova University
grid.423526.4,Petrobras
grid.482764.b,GlobalFoundries
grid.11841.3d,Fudan University Shanghai Medical College
grid.266186.d,University of Colorado Colorado Springs
grid.203507.3,Ningbo University
grid.453246.2,Nanjing University of Posts and Telecommunications
grid.418369.1,Central Leather Research Institute
grid.8647.d,University of Maribor
grid.410404.5,Portland VA Medical Center
grid.410558.d,University of Thessaly
grid.1056.2,Burnet Institute
grid.411751.7,Isfahan University of Technology
grid.471275.2,Tosoh
grid.264352.4,Suffolk University
grid.32056.32,Savitribai Phule Pune University
grid.250221.6,Monell Chemical Senses Center
grid.15401.31,École centrale de Lyon
grid.411447.3,I-Shou University
grid.19003.3b,Indian Institute of Technology Roorkee
grid.423811.d,CSELT
grid.202033.0,Natural Resources Canada
grid.268117.b,Wesleyan University
grid.267687.a,Utsunomiya University
grid.413106.1,Peking Union Medical College Hospital
grid.468196.4,Palo Alto Medical Foundation
grid.468897.c,Graduate School USA
grid.3532.7,National Oceanic and Atmospheric Administration
grid.410526.4,Hospital General Universitario Gregorio Marañón
grid.7220.7,Universidad Autónoma Metropolitana
grid.10979.36,"Palacký University, Olomouc"
grid.24029.3d,Cambridge University Hospitals NHS Foundation Trust
grid.48324.39,Medical University of Białystok
grid.255966.b,Florida Institute of Technology
grid.413555.3,Albany College of Pharmacy and Health Sciences
grid.426573.1,Norsk Hydro
grid.424247.3,German Center for Neurodegenerative Diseases
grid.12896.34,University of Westminster
grid.420243.3,New York Eye and Ear Infirmary
grid.417895.6,Imperial College Healthcare
grid.422550.4,The Neurosciences Institute
grid.272362.0,"University of Nevada, Las Vegas"
grid.266757.7,University of Missouri–St. Louis
grid.421991.6,Harris Corporation
grid.267310.1,University of Texas Health Science Center at Tyler
grid.267827.e,Victoria University of Wellington
grid.198530.6,Chinese Center for Disease Control and Prevention
grid.7759.c,University of Cádiz
grid.419260.8,National Center for Immunization and Respiratory Diseases
grid.410645.2,Qingdao University
grid.468921.0,King's College
grid.482783.2,Quintiles
grid.259870.1,Meharry Medical College
grid.411427.5,Hunan Normal University
grid.254124.4,Chiba Institute of Technology
grid.430358.9,Shire plc
grid.258797.6,Kyoto Prefectural University
grid.6583.8,University of Veterinary Medicine Vienna
grid.461576.7,University of the West Indies
grid.414724.0,John Hunter Hospital
grid.12295.3d,Tilburg University
grid.36316.31,University of Greenwich
grid.417686.a,Cubist Pharmaceuticals
grid.412573.6,Shiraz University
grid.54432.34,Japan Society for the Promotion of Science
grid.265465.6,United States Naval Academy
grid.266685.9,University of Massachusetts Boston
grid.412127.3,National Yunlin University of Science and Technology
grid.453536.2,American Physical Therapy Association
grid.454259.b,LG Electronics
grid.21155.32,Beijing Genomics Institute
grid.461589.7,Nuffield Orthopaedic Centre
grid.8399.b,Federal University of Bahia
grid.473173.5,Johnson Matthey
grid.9922.0,AGH University of Science and Technology
grid.29078.34,University of Lugano
grid.462839.2,Seagate Technology
grid.413579.d,Center for Devices and Radiological Health
grid.481616.c,Denso
grid.264766.7,Texas Christian University
grid.426155.1,Praxis
grid.39679.32,New Mexico Institute of Mining and Technology
grid.412091.f,Keimyung University
grid.413036.3,University of Maryland Medical Center
grid.413593.9,Mackay Memorial Hospital
grid.20256.33,Japan Atomic Energy Agency
grid.21200.31,Dokuz Eylül University
grid.411340.3,Aligarh Muslim University
grid.412179.8,"University of Santiago, Chile"
grid.416100.2,Royal Brisbane and Women's Hospital
grid.474428.9,Naval Surface Warfare Center
grid.162107.3,China University of Geosciences
grid.9670.8,University of Jordan
grid.9786.0,Khon Kaen University
grid.411390.e,Loma Linda University Medical Center
grid.480384.3,St. Jude Medical
grid.267628.f,Sewanee: The University of the South
grid.417650.1,Actelion
grid.15090.3d,University Hospital Bonn
grid.482135.9,Institut Mérieux
grid.11375.31,Jožef Stefan Institute
grid.459867.1,National Institute of Technology and Evaluation
grid.8364.9,University of Mons
grid.412211.5,Rio de Janeiro State University
grid.417581.e,Aberdeen Royal Infirmary
grid.418487.6,Helicos BioSciences
grid.10796.39,University of Foggia
grid.411793.9,Brock University
grid.417924.d,Sanofi S.A.
grid.449752.9,Texas State University
grid.412151.2,King Mongkut's University of Technology Thonburi
grid.451262.6,National Cancer Research Institute
grid.411239.c,Universidade Federal de Santa Maria
grid.424190.a,CGG
grid.412610.0,Qingdao University of Science and Technology
grid.481786.4,"Woodward, Inc."
grid.5633.3,Adam Mickiewicz University in Poznań
grid.417124.5,Wills Eye Institute
grid.418391.6,Birla Institute of Technology and Science
grid.419775.9,Kikkoman
grid.416201.0,Southmead Hospital
grid.184764.8,Boise State University
grid.449998.1,Wellcome Trust Centre for Cell-Matrix Research
grid.59056.3f,University of Calcutta
grid.412502.0,Shahid Beheshti University
grid.411494.d,Maharaja Sayajirao University of Baroda
grid.416177.2,Royal National Orthopaedic Hospital
grid.9582.6,University of Ibadan
grid.415879.6,Naval Medical Center San Diego
grid.416259.d,Royal Women's Hospital
grid.417600.4,Covance
grid.418866.5,Texas A&M Health Science Center
grid.1089.0,Australian Nuclear Science and Technology Organisation
grid.280401.f,Lovelace Respiratory Research Institute
grid.413967.e,Asan Medical Center
grid.419658.7,Steno Diabetes Center
grid.420309.c,ABB Ltd
grid.441153.6,Northwest University (United States)
grid.443152.5,"International University, Cambodia"
grid.487460.9,Purdue Pharma
grid.20409.3f,Edinburgh Napier University
grid.412670.6,Sookmyung Women's University
grid.10822.39,University of Novi Sad
grid.260483.b,Nantong University
grid.266860.c,University of North Carolina at Greensboro
grid.266904.f,University of Ontario Institute of Technology
grid.5884.1,Sheffield Hallam University
grid.421816.8,DARPA
grid.470904.e,Edinburgh Cancer Research Centre
grid.5560.6,University of Oldenburg
grid.253547.2,California Polytechnic State University
grid.217200.6,Scripps Institution of Oceanography
grid.59490.31,Robert Gordon University
grid.417881.3,Allen Institute for Brain Science
grid.7247.6,University of Los Andes
grid.1037.5,Charles Sturt University
grid.412480.b,Seoul National University Bundang Hospital
grid.443704.0,Hiroshima City University
grid.8171.f,Central University of Venezuela
grid.254293.b,Cleveland Clinic Lerner College of Medicine
grid.5334.1,Sabancı University
grid.472748.a,Fujikura
grid.473877.8,BAE Systems
grid.411904.9,Vienna General Hospital
grid.418346.c,Instituto Gulbenkian de Ciência
grid.411971.b,Dalian Medical University
grid.280695.0,Lankenau Institute for Medical Research
grid.265880.1,University of Aizu
grid.411173.1,Federal Fluminense University
grid.451284.e,Sigma-Aldrich
grid.451372.6,Joint BioEnergy Institute
grid.268187.2,Western Michigan University
grid.5164.6,Clausthal University of Technology
grid.266686.a,University of Massachusetts Dartmouth
grid.412871.9,Sunchon National University
grid.81821.32,Hospital Universitario La Paz
grid.280243.f,Group Health Cooperative
grid.412634.6,Singapore Management University
grid.413109.e,Tianjin University of Science and Technology
grid.416835.d,National Agriculture and Food Research Organization
grid.471279.e,Toyobo
grid.4332.6,Austrian Institute of Technology
grid.256883.2,Hebei Medical University
grid.9612.c,James I University
grid.425289.0,ETSI
grid.418124.a,Quest Diagnostics
grid.240606.6,Roger Williams Medical Center
grid.34538.39,Uludağ University
grid.415571.3,Royal Hospital for Sick Children
grid.252245.6,Anhui University
grid.416057.1,Monash Institute of Medical Research
grid.261241.2,Nova Southeastern University
grid.262273.0,Queens College
grid.412982.4,Xiangtan University
grid.418102.e,Arizona Heart Institute
grid.418196.3,Indian Agricultural Research Institute
grid.241128.c,University of Tennessee Medical Center
grid.422807.b,Northampton Community College
grid.411851.8,Guangdong University of Technology
grid.460774.6,Mater Misericordiae Hospital
grid.480019.4,Asahi Glass Co.
grid.1057.3,Victor Chang Cardiac Research Institute
grid.280535.9,Rehabilitation Institute of Chicago
grid.411955.d,Hamdard University
grid.6809.7,Technical University of Crete
grid.15751.37,University of Huddersfield
grid.412966.e,Maastricht University Medical Centre
grid.427645.6,American Heart Association
grid.452212.2,Central Institute for Experimental Animals
grid.11136.34,University of Perpignan
grid.411253.0,Aichi Gakuin University
grid.22401.35,Tata Institute of Fundamental Research
grid.253552.6,California State University
grid.258669.6,Konan University
grid.415354.2,Kingston General Hospital
grid.266815.e,University of Nebraska Omaha
grid.449742.8,University of Health Sciences Antigua
grid.464551.7,Cooperative Institute for Research in Environmental Sciences
grid.410595.c,Hangzhou Normal University
grid.18888.31,Sainsbury Laboratory
grid.443239.b,University of the Philippines
grid.414055.1,Auckland City Hospital
grid.33058.3d,Kenya Medical Research Institute
grid.239559.1,Children's Mercy Hospital
grid.29328.32,Maria Curie-Skłodowska University
grid.412498.2,Shaanxi Normal University
grid.417007.5,Policlinico Umberto I
grid.7307.3,University of Augsburg
grid.256922.8,Henan University
grid.410476.0,Universidad Pública de Navarra
grid.434207.6,Arts et Métiers ParisTech
grid.471657.6,Kihara Institute for Biological Research
grid.411105.0,Kocaeli University
grid.412911.e,Animal Health Trust
grid.257310.2,Illinois State University
grid.420207.3,Henkel
grid.4495.c,Wrocław Medical University
grid.268275.c,Williams College
grid.266518.e,University of Karachi
grid.481676.a,SK Hynix
grid.411639.8,Manipal University
grid.263319.c,Seikei University
grid.413731.3,Rambam Health Care Campus
grid.473728.d,New York Institute of Technology
grid.454320.4,Skolkovo Institute of Science and Technology
grid.419091.4,Marshall Space Flight Center
grid.6975.d,Finnish Institute of Occupational Health
grid.16563.37,University of Eastern Piedmont
grid.417670.3,House Ear Institute
grid.417155.3,Papworth Hospital
